[
  {
    "id": "5950a020dd1f408a8396c96482dd0b79",
    "时间": 1758967658,
    "方法": "平滑",
    "原图": "uploads/1758967657_527bd786_33760392_141318641125_2.jpg",
    "结果": [
      "results/dba88aabce2e42da9be2abe0c673a8cd_高斯.png",
      "results/1ba2658539bf445e9b5f87134855199a_中值.png",
      "results/bba49cb72d884efc868f1fd00b595e51_双边.png"
    ],
    "信息": {}
  },
  {
    "id": "b50a6fdcc1ae4d0883e8a22bc1aa37e0",
    "时间": 1758807786,
    "方法": "轮廓",
    "原图": "uploads/1758807786_2ae25bb2_微信图片_20250925214212_7_4.png",
    "结果": [
      "results/26ab996e09b34d60b22e152c61a8d765_阈值.png",
      "results/271da36ffb434f339825682e7fa86718_轮廓.png"
    ],
    "信息": {
      "轮廓数量": 192,
      "面积总和": 208429.5
    }
  },
  {
    "id": "8c845df4d8af4c3693f3e56bd46fe767",
    "时间": 1758807779,
    "方法": "边缘",
    "原图": "uploads/1758807779_6b1948e8_微信图片_20250925214212_7_4.png",
    "结果": [
      "results/49902a3d86704f329bfefc87adbea57b_Canny.png",
      "results/bd5dc7ec125045a288c6c184b3825988_Sobel.png"
    ],
    "信息": {}
  },
  {
    "id": "f868d48ee6a34d58ad8ffb591ac1d575",
    "时间": 1758807767,
    "方法": "分类",
    "原图": "uploads/1758807761_a89bd0d6_微信图片_20250925214212_7_4.png",
    "结果": [],
    "信息": {
      "前五": [
        {
          "类别": "n04033901",
          "名称": "quill",
          "概率": 0.5546272993087769
        },
        {
          "类别": "n04192698",
          "名称": "shield",
          "概率": 0.06698959320783615
        },
        {
          "类别": "n04482393",
          "名称": "tricycle",
          "概率": 0.020705901086330414
        },
        {
          "类别": "n01616318",
          "名称": "vulture",
          "概率": 0.01793587952852249
        },
        {
          "类别": "n02966193",
          "名称": "carousel",
          "概率": 0.017447128891944885
        }
      ]
    }
  }
]